﻿<?xml version="1.0" encoding="UTF-8" standalone="yes"?>
<addon id="repository.boxxee" version="1.0.0" name="Boxxee repository" provider-name="Boxxee">
	<extension point="xbmc.addon.repository" name="Boxxee repository">
		<info compressed="false">https://raw.githubusercontent.com/boxxee/repo/master/addons.xml</info>
		<checksum>https://raw.githubusercontent.com/boxxee/repo/master/addons.xml.md5</checksum>
		<datadir zip="true">https://raw.githubusercontent.com/boxxee/repo/master/zips/</datadir>
	</extension>
	<extension point="xbmc.addon.metadata">
		<summary lang="en">Boxxee repository</summary>
		<description lang="en">Boxxee repository</description>
		<platform>all</platform>
	</extension>
</addon>