<?xml version="1.0" encoding="UTF-8"?>
    <addon id="repository.boxxee" name="Boxxee.tv" version="1.0.3" provider-name="Boxxee.tv">
        <requires>
            <import addon="xbmc.addon" version="12.0.0"/>
        </requires>
        <extension point="xbmc.addon.repository" name="Boxxee.tv Repository">
            <info compressed="false">https://raw.githubusercontent.com/boxxee/repo/1.0.1/addons.xml</info>
            <checksum>https://raw.githubusercontent.com/boxxee/repo/1.0.1/addons.xml.md5</checksum>
            <datadir zip="true">https://raw.githubusercontent.com/boxxee/repo/1.0.1/zips/</datadir>
            <hashes>false</hashes>
        </extension>
        <extension point="xbmc.addon.metadata">
            <summary>The Official Boxxee.tv repository</summary>
			<description>This repository contains all Repositorys for KODI.</description>
			<disclaimer>The owners and submitters to this repository do not host or distribute any of the content displayed by these addons nor do they have any affiliation with the content providers.</disclaimer>
            <platform>all</platform>
    </extension>
</addon>